{
  "success": true,
  "data": {
    "total_dti_ratio": 0.3837123360977644,
    "housing_dti_ratio": 0.3837123360977644,
    "monthly_payment": 4796.404201222055,
    "monthly_income": 12500.0,
    "confidence_score": 0.92
  },
  "error_message": null
}